demand_vph,seed,files,unique_hashes,missing_hashes,pass
3000,11,78,1,0,True
3000,23,78,1,0,True
3000,43,78,1,0,True
3000,74,78,1,0,True
3000,101,78,1,0,True
3000,134,78,1,0,True
3000,157,78,1,0,True
3000,181,78,1,0,True
3000,211,78,1,0,True
3000,239,78,1,0,True
3000,269,78,1,0,True
3000,307,78,1,0,True
3000,9148814,78,1,0,True
3000,20240392,78,1,0,True
3000,44523494,78,1,0,True
3000,50278188,78,1,0,True
3000,52747607,78,1,0,True
3000,94577922,78,1,0,True
3000,161430682,78,1,0,True
3000,211126944,78,1,0,True
3000,215281873,78,1,0,True
3000,232725790,78,1,0,True
3000,296284205,78,1,0,True
3000,351662144,78,1,0,True
3000,455496995,78,1,0,True
3000,498751855,78,1,0,True
3000,546533094,78,1,0,True
3000,591999240,78,1,0,True
3000,604004565,78,1,0,True
3000,617017681,78,1,0,True
3000,621582331,78,1,0,True
3000,704241166,78,1,0,True
3000,722911769,78,1,0,True
3000,752743932,78,1,0,True
3000,753539993,78,1,0,True
3000,772528924,78,1,0,True
3000,775853225,78,1,0,True
3000,779297184,78,1,0,True
3000,796711005,78,1,0,True
3000,809731636,78,1,0,True
3000,812097128,78,1,0,True
3000,820213136,78,1,0,True
3000,835324751,78,1,0,True
3000,874118328,78,1,0,True
3000,881846364,78,1,0,True
3000,884598344,78,1,0,True
3000,902919757,78,1,0,True
3000,921500416,78,1,0,True
3000,992252705,78,1,0,True
3000,1013176591,78,1,0,True
3000,1018923338,78,1,0,True
3000,1054024210,78,1,0,True
3000,1068146587,78,1,0,True
3000,1099211095,78,1,0,True
3000,1126475896,78,1,0,True
3000,1138941219,78,1,0,True
3000,1158850915,78,1,0,True
3000,1195780746,78,1,0,True
3000,1218678992,78,1,0,True
3000,1224991878,78,1,0,True
3000,1226381718,78,1,0,True
3000,1243736918,78,1,0,True
3000,1303833658,78,1,0,True
3000,1328190301,78,1,0,True
3000,1328337949,78,1,0,True
3000,1331495208,78,1,0,True
3000,1333654860,78,1,0,True
3000,1344002487,78,1,0,True
3000,1350759447,78,1,0,True
3000,1363434257,78,1,0,True
3000,1407470680,78,1,0,True
3000,1409223626,78,1,0,True
3000,1429478088,78,1,0,True
3000,1443857472,78,1,0,True
3000,1452948437,78,1,0,True
3000,1456333634,78,1,0,True
3000,1468976513,78,1,0,True
3000,1489658181,78,1,0,True
3000,1494016921,78,1,0,True
3000,1528248358,78,1,0,True
3000,1601730052,78,1,0,True
3000,1604927093,78,1,0,True
3000,1612261388,78,1,0,True
3000,1635720842,78,1,0,True
3000,1705145783,78,1,0,True
3000,1737769947,78,1,0,True
3000,1739859861,78,1,0,True
3000,1759130139,78,1,0,True
3000,1817773334,78,1,0,True
3000,1846077051,78,1,0,True
3000,1878216804,78,1,0,True
3000,1955307514,78,1,0,True
3000,1958831172,78,1,0,True
3000,2021794385,78,1,0,True
3000,2049906528,78,1,0,True
3000,2062928610,78,1,0,True
3000,2081324591,78,1,0,True
3000,2084487793,78,1,0,True
3000,2140719785,78,1,0,True
3000,2143446478,78,1,0,True
3200,11,78,1,0,True
3200,23,78,1,0,True
3200,43,78,1,0,True
3200,74,78,1,0,True
3200,101,78,1,0,True
3200,134,78,1,0,True
3200,157,78,1,0,True
3200,181,78,1,0,True
3200,211,78,1,0,True
3200,239,78,1,0,True
3200,269,78,1,0,True
3200,307,78,1,0,True
3200,9148814,78,1,0,True
3200,20240392,78,1,0,True
3200,44523494,78,1,0,True
3200,50278188,78,1,0,True
3200,52747607,78,1,0,True
3200,94577922,78,1,0,True
3200,161430682,78,1,0,True
3200,211126944,78,1,0,True
3200,215281873,78,1,0,True
3200,232725790,78,1,0,True
3200,296284205,78,1,0,True
3200,351662144,78,1,0,True
3200,455496995,78,1,0,True
3200,498751855,78,1,0,True
3200,546533094,78,1,0,True
3200,591999240,78,1,0,True
3200,604004565,78,1,0,True
3200,617017681,78,1,0,True
3200,621582331,78,1,0,True
3200,704241166,78,1,0,True
3200,722911769,78,1,0,True
3200,752743932,78,1,0,True
3200,753539993,78,1,0,True
3200,772528924,78,1,0,True
3200,775853225,78,1,0,True
3200,779297184,78,1,0,True
3200,796711005,78,1,0,True
3200,809731636,78,1,0,True
3200,812097128,78,1,0,True
3200,820213136,78,1,0,True
3200,835324751,78,1,0,True
3200,874118328,78,1,0,True
3200,881846364,78,1,0,True
3200,884598344,78,1,0,True
3200,902919757,78,1,0,True
3200,921500416,78,1,0,True
3200,992252705,78,1,0,True
3200,1013176591,78,1,0,True
3200,1018923338,78,1,0,True
3200,1054024210,78,1,0,True
3200,1068146587,78,1,0,True
3200,1099211095,78,1,0,True
3200,1126475896,78,1,0,True
3200,1138941219,78,1,0,True
3200,1158850915,78,1,0,True
3200,1195780746,78,1,0,True
3200,1218678992,78,1,0,True
3200,1224991878,78,1,0,True
3200,1226381718,78,1,0,True
3200,1243736918,78,1,0,True
3200,1303833658,78,1,0,True
3200,1328190301,78,1,0,True
3200,1328337949,78,1,0,True
3200,1331495208,78,1,0,True
3200,1333654860,78,1,0,True
3200,1344002487,78,1,0,True
3200,1350759447,78,1,0,True
3200,1363434257,78,1,0,True
3200,1407470680,78,1,0,True
3200,1409223626,78,1,0,True
3200,1429478088,78,1,0,True
3200,1443857472,78,1,0,True
3200,1452948437,78,1,0,True
3200,1456333634,78,1,0,True
3200,1468976513,78,1,0,True
3200,1489658181,78,1,0,True
3200,1494016921,78,1,0,True
3200,1528248358,78,1,0,True
3200,1601730052,78,1,0,True
3200,1604927093,78,1,0,True
3200,1612261388,78,1,0,True
3200,1635720842,78,1,0,True
3200,1705145783,78,1,0,True
3200,1737769947,78,1,0,True
3200,1739859861,78,1,0,True
3200,1759130139,78,1,0,True
3200,1817773334,78,1,0,True
3200,1846077051,78,1,0,True
3200,1878216804,78,1,0,True
3200,1955307514,78,1,0,True
3200,1958831172,78,1,0,True
3200,2021794385,78,1,0,True
3200,2049906528,78,1,0,True
3200,2062928610,78,1,0,True
3200,2081324591,78,1,0,True
3200,2084487793,78,1,0,True
3200,2140719785,78,1,0,True
3200,2143446478,78,1,0,True
